Nama Perumahan,Jenis Rumah,Tipe Rumah
Bukit Cibadak Asri,Subsidi,30/60
Bukit Cibadak Asri,Subsidi,30/60
Goalpara Hiills,Subsidi,30/60
Setiabudi Estate,Komersil,36/72
Qianna Residence 2,Komersil,30/60
Qianna Residence 2,Komersil,30/60
Qianna Residence 2,Komersil,30/60
Qianna Residence 2,Komersil,30/60
Qianna Residence 2,Komersil,30/60
Qianna Residence 2,Komersil,30/60
Qianna Residence 2,Komersil,30/60
Qianna Residence 2,Komersil,30/60
Qianna Residence 2,Komersil,30/60
Qianna Residence 2,Komersil,30/60
Bukit Pinus Banjaran,Subsidi,30/60
Bukit Pinus Banjaran,Subsidi,30/60
Setiabudi Estate,Komersil,36/72
Goalpara Hiills,Subsidi,30/60
Qianna Residence 2,Komersil,36/72
Qianna Residence 2,Komersil,30/60
Qianna Residence 2,Komersil,45/84
Qianna Residence 2,Komersil,30/60
Qianna Residence 2,Komersil,36/72
Qianna Residence 2,Komersil,45/84
Setiabudi Estate,Komersil,36/72
Goalpara Hiills,Subsidi,30/60
Bukit Cibadak Asri,Subsidi,30/60
Bukit Pinus Banjaran,Subsidi,30/60
Setiabudi Estate,Komersil,36/72
Goalpara Hiills,Subsidi,30/60
Bukit Cibadak Asri,Subsidi,30/60
Bukit Pinus Banjaran,Subsidi,30/60
Goalpara Hiills,Subsidi,30/60
Bukit Cibadak Asri,Subsidi,30/60
Bukit Pinus Banjaran,Subsidi,30/60
Qianna Residence 2,Komersil,36/72
Qianna Residence 2,Subsidi,36/72
Bukit Pinus Banjaran,Subsidi,30/60
Qianna Residence 2,Komersil,30/60
Qianna Residence 2,Komersil,36/72
Qianna Residence 2,Komersil,45/84
Qianna Residence 2,Komersil,45/84
Setiabudi Estate,Komersil,36/72
Goalpara Hiills,Subsidi,30/60
Bukit Cibadak Asri,Subsidi,30/60
Bukit Cibadak Asri,Subsidi,30/60
Bukit Pinus Banjaran,Subsidi,30/60
Bukit Pinus Banjaran,Subsidi,30/60
Qianna Residence 2,Komersil,30/60
Qianna Residence 2,Komersil,36/72
Qianna Residence 2,Komersil,45/84
Setiabudi Estate,Komersil,36/72
Goalpara Hiills,Subsidi,30/60
Bukit Cibadak Asri,Subsidi,30/60
Bukit Cibadak Asri,Subsidi,30/60
Qianna Residence 2,Komersil,30/60
Qianna Residence 2,Komersil,36/72
Qianna Residence 2,Komersil,45/84
Qianna Residence 2,Komersil,30/60
Qianna Residence 2,Komersil,30/60
Qianna Residence 2,Komersil,30/60
Qianna Residence 2,Komersil,30/60
Qianna Residence 2,Komersil,30/60
Qianna Residence 2,Komersil,30/60
Qianna Residence 2,Komersil,30/60
Qianna Residence 2,Komersil,30/60
Qianna Residence 2,Komersil,36/72
Qianna Residence 2,Komersil,45/84
Qianna Residence 2,Komersil,45/84
Qianna Residence 2,Komersil,36/72
Qianna Residence 2,Komersil,45/84
Qianna Residence 2,Komersil,45/84
Qianna Residence 2,Komersil,45/84
Qianna Residence 2,Komersil,30/60
Qianna Residence 2,Komersil,36/72
Qianna Residence 2,Komersil,36/72
Qianna Residence 2,Komersil,36/72
Qianna Residence 2,Komersil,36/72
Setiabudi Estate,Komersil,36/72
Setiabudi Estate,Komersil,36/72
Setiabudi Estate,Komersil,36/72
Setiabudi Estate,Komersil,36/72
Goalpara Hiills,Subsidi,30/60
Goalpara Hiills,Subsidi,30/60
Goalpara Hiills,Subsidi,30/60
Goalpara Hiills,Subsidi,30/60
Goalpara Hiills,Subsidi,30/60
Goalpara Hiills,Subsidi,30/60
Goalpara Hiills,Subsidi,30/60
Goalpara Hiills,Subsidi,30/60
Goalpara Hiills,Subsidi,30/60
Goalpara Hiills,Subsidi,30/60
Goalpara Hiills,Subsidi,30/60
Goalpara Hiills,Subsidi,30/60
Goalpara Hiills,Subsidi,30/60
Goalpara Hiills,Subsidi,30/60
Goalpara Hiills,Subsidi,30/60
Goalpara Hiills,Subsidi,30/60
Goalpara Hiills,Subsidi,30/60
Goalpara Hiills,Subsidi,30/60
Goalpara Hiills,Subsidi,30/60
Goalpara Hiills,Subsidi,30/60
Goalpara Hiills,Subsidi,30/60
Goalpara Hiills,Subsidi,30/60
Goalpara Hiills,Subsidi,30/60
Goalpara Hiills,Subsidi,30/60
Goalpara Hiills,Subsidi,30/60
Goalpara Hiills,Subsidi,30/60
Goalpara Hiills,Subsidi,30/60
Goalpara Hiills,Subsidi,30/60
Goalpara Hiills,Subsidi,30/60
Goalpara Hiills,Subsidi,30/60
Goalpara Hiills,Subsidi,30/60
Goalpara Hiills,Subsidi,30/60
Goalpara Hiills,Subsidi,30/60
Goalpara Hiills,Subsidi,30/60
Goalpara Hiills,Subsidi,30/60
Goalpara Hiills,Subsidi,30/60
Goalpara Hiills,Subsidi,30/60
Goalpara Hiills,Subsidi,30/60
Goalpara Hiills,Subsidi,30/60
Goalpara Hiills,Subsidi,30/60
Goalpara Hiills,Subsidi,30/60
Goalpara Hiills,Subsidi,30/60
Goalpara Hiills,Subsidi,30/60
Goalpara Hiills,Subsidi,30/60
Goalpara Hiills,Subsidi,30/60
Goalpara Hiills,Subsidi,30/60
Goalpara Hiills,Subsidi,30/60
Goalpara Hiills,Subsidi,30/60
Goalpara Hiills,Subsidi,30/60
Goalpara Hiills,Subsidi,30/60
Goalpara Hiills,Subsidi,30/60
Goalpara Hiills,Subsidi,30/60
Goalpara Hiills,Subsidi,30/60
Bukit Cibadak Asri,Subsidi,30/60
Setiabudi Estate,Komersil,36/72
Qianna Residence 2,Komersil,30/60
Qianna Residence 2,Komersil,45/84
Bukit Pinus Banjaran,Subsidi,30/60
Goalpara Hiills,Subsidi,30/60
Setiabudi Estate,Komersil,36/72
Bukit Cibadak Asri,Subsidi,30/60
Setiabudi Estate,Komersil,36/72
Bukit Pinus Banjaran,Subsidi,30/60
Qianna Residence 2,Komersil,30/60
Qianna Residence 2,Komersil,36/72
Goalpara Hiills,Subsidi,30/60
Bukit Pinus Banjaran,Subsidi,30/60
Bukit Cibadak Asri,Subsidi,30/60
Qianna Residence 2,Komersil,36/72
Goalpara Hiills,Subsidi,30/60
Setiabudi Estate,Komersil,36/72
Bukit Pinus Banjaran,Subsidi,30/60
Setiabudi Estate,Komersil,36/72
Goalpara Hiills,Subsidi,30/60
Qianna Residence 2,Komersil,36/72
Qianna Residence 2,Komersil,30/60
Setiabudi Estate,Komersil,36/72
Bukit Cibadak Asri,Subsidi,30/60
Bukit Cibadak Asri,Subsidi,30/60
Bukit Cibadak Asri,Subsidi,30/60
Bukit Cibadak Asri,Subsidi,30/60
Bukit Cibadak Asri,Subsidi,30/60
Bukit Cibadak Asri,Subsidi,30/60
Bukit Cibadak Asri,Subsidi,30/60
Bukit Cibadak Asri,Subsidi,30/60
Bukit Cibadak Asri,Subsidi,30/60
Bukit Cibadak Asri,Subsidi,30/60
Bukit Cibadak Asri,Subsidi,30/60
Bukit Cibadak Asri,Subsidi,30/60
Bukit Cibadak Asri,Subsidi,30/60
Bukit Cibadak Asri,Subsidi,30/60
Bukit Cibadak Asri,Subsidi,30/60
Bukit Cibadak Asri,Subsidi,30/60
Bukit Cibadak Asri,Subsidi,30/60
Bukit Cibadak Asri,Subsidi,30/60
Bukit Cibadak Asri,Subsidi,30/60
Bukit Pinus Banjaran,Subsidi,30/60
Bukit Pinus Banjaran,Subsidi,30/60
Bukit Pinus Banjaran,Subsidi,30/60
Bukit Pinus Banjaran,Subsidi,30/60
Bukit Pinus Banjaran,Subsidi,30/60
Bukit Pinus Banjaran,Subsidi,30/60
Bukit Pinus Banjaran,Subsidi,30/60
Bukit Pinus Banjaran,Subsidi,30/60
Bukit Pinus Banjaran,Subsidi,30/60
Bukit Pinus Banjaran,Subsidi,30/60
Bukit Pinus Banjaran,Subsidi,30/60
Bukit Pinus Banjaran,Subsidi,30/60
Bukit Pinus Banjaran,Subsidi,30/60
Bukit Pinus Banjaran,Subsidi,30/60
Bukit Pinus Banjaran,Subsidi,30/60
Bukit Pinus Banjaran,Subsidi,30/60
Bukit Pinus Banjaran,Subsidi,30/60
Bukit Cibadak Asri,Subsidi,30/60
Bukit Cibadak Asri,Subsidi,30/60
Bukit Cibadak Asri,Subsidi,30/60
Bukit Cibadak Asri,Subsidi,30/60
Bukit Cibadak Asri,Subsidi,30/60
Bukit Cibadak Asri,Subsidi,30/60
Bukit Cibadak Asri,Subsidi,30/60
Bukit Cibadak Asri,Subsidi,30/60
Bukit Cibadak Asri,Subsidi,30/60
Bukit Cibadak Asri,Subsidi,30/60
Bukit Cibadak Asri,Subsidi,30/60
Bukit Cibadak Asri,Subsidi,30/60
Bukit Cibadak Asri,Subsidi,30/60
Bukit Cibadak Asri,Subsidi,30/60
Bukit Cibadak Asri,Subsidi,30/60
Bukit Cibadak Asri,Subsidi,30/60
Bukit Cibadak Asri,Subsidi,30/60
Bukit Cibadak Asri,Subsidi,30/60
Bukit Cibadak Asri,Subsidi,30/60
Bukit Cibadak Asri,Subsidi,30/60
Bukit Cibadak Asri,Subsidi,30/60
Bukit Cibadak Asri,Subsidi,30/60
Bukit Cibadak Asri,Subsidi,30/60
Bukit Pinus Banjaran,Subsidi,30/60
Bukit Pinus Banjaran,Subsidi,30/60
Bukit Pinus Banjaran,Subsidi,30/60
Bukit Pinus Banjaran,Subsidi,30/60
Bukit Pinus Banjaran,Subsidi,30/60
Bukit Pinus Banjaran,Subsidi,30/60
Bukit Pinus Banjaran,Subsidi,30/60
Bukit Pinus Banjaran,Subsidi,30/60
Bukit Pinus Banjaran,Subsidi,30/60
Bukit Pinus Banjaran,Subsidi,30/60
Bukit Pinus Banjaran,Subsidi,30/60
Bukit Pinus Banjaran,Subsidi,30/60
Bukit Pinus Banjaran,Subsidi,30/60
Bukit Pinus Banjaran,Subsidi,30/60
Bukit Pinus Banjaran,Subsidi,30/60
Bukit Pinus Banjaran,Subsidi,30/60
Bukit Pinus Banjaran,Subsidi,30/60
Bukit Pinus Banjaran,Subsidi,30/60
Bukit Pinus Banjaran,Subsidi,30/60
Bukit Pinus Banjaran,Subsidi,30/60
Bukit Pinus Banjaran,Subsidi,30/60
Bukit Pinus Banjaran,Subsidi,30/60
Bukit Pinus Banjaran,Subsidi,30/60
Bukit Pinus Banjaran,Subsidi,30/60
Bukit Pinus Banjaran,Subsidi,30/60
Bukit Pinus Banjaran,Subsidi,30/60
Bukit Pinus Banjaran,Subsidi,30/60
Bukit Pinus Banjaran,Subsidi,30/60
Bukit Pinus Banjaran,Subsidi,30/60
Qianna Residence 2,Komersil,36/72
Qianna Residence 2,Komersil,45/84
Qianna Residence 2,Komersil,45/84
Qianna Residence 2,Komersil,45/84
Qianna Residence 2,Komersil,36/72
Qianna Residence 2,Komersil,36/72
Qianna Residence 2,Komersil,36/72
Qianna Residence 2,Komersil,36/72
Qianna Residence 2,Komersil,36/72
Qianna Residence 2,Komersil,36/72
Qianna Residence 2,Komersil,36/72
Qianna Residence 2,Komersil,36/72
Qianna Residence 2,Komersil,36/72
Qianna Residence 2,Komersil,36/72
Qianna Residence 2,Komersil,36/72
Qianna Residence 2,Komersil,36/72
Qianna Residence 2,Komersil,36/72
Qianna Residence 2,Komersil,36/72
Setiabudi Estate,Komersil,36/72
Bukit Pinus Banjaran,Subsidi,30/60
Setiabudi Estate,Komersil,36/72
Bukit Pinus Banjaran,Subsidi,30/60
Setiabudi Estate,Komersil,36/72
Qianna Residence 2,Komersil,45/84
Bukit Cibadak Asri,Subsidi,30/60
